Title,Date
"The Crown: Temporada 4: O teste de Balmoral","06/03/2021"
"The Crown: Temporada 4: Guarda-costas","05/03/2021"
"A Guerra dos Samurais: Temporada 1: A ascensão de Nobunaga","02/03/2021"
"Professor Polvo","27/02/2021"
"Star Trek: Discovery: Temporada 3: Minha Esperança é Você, Parte 2","23/01/2021"
"Star Trek: Discovery: Temporada 3: Há uma Maré...","15/01/2021"
"Star Trek: Discovery: Temporada 3: Su'kal","10/01/2021"
"The Netflix Afterparty: Temporada 1: Cobra Kai","08/01/2021"
"Cobra Kai: Temporada 3: 19 de dezembro","08/01/2021"
"Cobra Kai: Temporada 3: Natal","06/01/2021"
"Cobra Kai: Temporada 3: O bom, o ruim e o fera","05/01/2021"
"Cobra Kai: Temporada 3: Obstáculos","05/01/2021"
"Cobra Kai: Temporada 3: Rei Cobra","05/01/2021"
"Cobra Kai: Temporada 3: Miyagi-Do","04/01/2021"
"Cobra Kai: Temporada 3: O caminho certo","03/01/2021"
"Cobra Kai: Temporada 3: Vai ter que pagar","03/01/2021"
"Cobra Kai: Temporada 3: Treinamento ou dom inato?","03/01/2021"
"Cobra Kai: Temporada 3: Consequências","03/01/2021"
"Jornada nas estrelas: Temporada 1: A cidade à beira da eternidade","02/01/2021"
"Star Trek: Discovery: Temporada 3: Terra Firme Parte 2","02/01/2021"
"Vidas ao Vento","28/12/2020"
"Jornada nas Estrelas: A nova geração: Temporada 5: Unificação, Parte I","26/12/2020"
"Star Trek: Discovery: Temporada 3: Terra Firme Parte 1","26/12/2020"
"Star Trek: Discovery: Temporada 3: O Santuário","11/12/2020"
"De Volta para o Futuro","10/12/2020"
"Cobra Kai: Temporada 2: Sem compaixão","06/12/2020"
"Jornada nas Estrelas: A nova geração: Temporada 5: Uma Questão de Tempo","06/12/2020"
"Star Trek: Discovery: Temporada 3: Unificação III","05/12/2020"
"Cobra Kai: Temporada 2: Polvo","04/12/2020"
"Jornada nas Estrelas: A nova geração: Temporada 5: Unificação, Parte II","04/12/2020"
"Cobra Kai: Temporada 2: A vez do amor","04/12/2020"
"Cobra Kai: Temporada 2: Trégua","04/12/2020"
"Cobra Kai: Temporada 2: Vire à direita","03/12/2020"
"Cobra Kai: Temporada 2: Vai com tudo","03/12/2020"
"Cobra Kai: Temporada 2: Momento da verdade","03/12/2020"
"Cobra Kai: Temporada 2: Fogo e gelo","02/12/2020"
"Cobra Kai: Temporada 2: Em busca do equilíbrio","28/11/2020"
"Cobra Kai: Temporada 2: Compaixão – Parte 2","27/11/2020"
"Star Trek: Enterprise: Temporada 1: Sombras de P'Jem","27/11/2020"
"Star Trek: Discovery: Temporada 3: Piratas","27/11/2020"
"Cobra Kai: Temporada 1: Compaixão – Parte 1","26/11/2020"
"Cobra Kai: Temporada 1: Diferentes, mas iguais","26/11/2020"
"Cobra Kai: Temporada 1: Transformação","25/11/2020"
"Cobra Kai: Temporada 1: A competição","24/11/2020"
"Cobra Kai: Temporada 1: Alunos novos","24/11/2020"
"Cobra Kai: Temporada 1: Contrapeso","24/11/2020"
"Cobra Kai: Temporada 1: Cobra Kai para sempre","23/11/2020"
"Cobra Kai: Temporada 1: Esqueleto","23/11/2020"
"Cobra Kai: Temporada 1: Acerte primeiro","23/11/2020"
"Cobra Kai: Temporada 1: Degenerado","22/11/2020"
"Challenger: Voo Final: Minissérie: Socorro!","21/11/2020"
"Challenger: Voo Final: Minissérie: O espaço para todos","21/11/2020"
"Star Trek: Discovery: Temporada 3: Morrer Tentando","20/11/2020"
"Jornada nas Estrelas: Deep Space Nine: Temporada 3: Equilíbrio","13/11/2020"
"Star Trek: Discovery: Temporada 3: Não Me Esqueça","13/11/2020"
"Jornada nas Estrelas: Deep Space Nine: Temporada 1: Dax","01/11/2020"
"Jornada nas Estrelas: Deep Space Nine: Temporada 1: O Emissário","30/10/2020"
"Star Trek: Discovery: Temporada 3: Povo da Terra","30/10/2020"
"Star Trek: Discovery: Temporada 3: Longe de Casa","24/10/2020"
"Star Trek: Enterprise: Temporada 4: Tempestade temporal - parte 1","21/10/2020"
"Star Trek: Enterprise: Temporada 3: Hora zero","21/10/2020"
"Jornada nas estrelas: Temporada 2: Missão: Terra","21/10/2020"
"Star Trek: Discovery: Temporada 3: Minha Esperança é Você, Parte 1","18/10/2020"
"Aggretsuko: Temporada 3: Contarei até dez","06/09/2020"
"Aggretsuko: Temporada 3: Hora de decidir","06/09/2020"
"Aggretsuko: Temporada 3: Fim do sonho?","05/09/2020"
"Aggretsuko: Temporada 3: Uma barreira impenetrável","04/09/2020"
"Aggretsuko: Temporada 3: Encruzilhada","04/09/2020"
"Aggretsuko: Temporada 3: Um ouriço-do-mar no deserto","04/09/2020"
"Aggretsuko: Temporada 3: Mudanças","03/09/2020"
"Aggretsuko: Temporada 3: Gentileza","03/09/2020"
"Jornada nas Estrelas: Deep Space Nine: Temporada 6: Muito além das estrelas","26/08/2020"
"Jornada nas Estrelas: Deep Space Nine: Temporada 6: Quem chora por Morn?","26/08/2020"
"Jornada nas estrelas: Temporada 1: A licença","21/08/2020"
"Star Trek: Enterprise: Temporada 1: Onda de choque - parte 1","16/08/2020"
"Star Trek: Enterprise: Temporada 1: Dois dias e duas noites","16/08/2020"
"Jornada nas Estrelas: A nova geração: Temporada 4: Qupido","14/08/2020"
"Jornada nas Estrelas: A nova geração: Temporada 3: Homem de Lata","14/08/2020"
"Jornada nas Estrelas: A nova geração: Temporada 3: As Férias do Capitão","14/08/2020"
"Jornada nas Estrelas: A nova geração: Temporada 1: O Último Guardião","14/08/2020"
"Star Trek – A Série Animada: Temporada 1: Spock ao infinito","13/08/2020"
"Star Trek – A Série Animada: Temporada 1: O sobrevivente","13/08/2020"
"Midnight Diner: Tokyo Stories: Temporada 1: Batata-doce refogada","13/08/2020"
"Midnight Diner: Tokyo Stories: Temporada 1: Fondue chinês","09/08/2020"
"Midnight Diner: Tokyo Stories: Temporada 1: Omuraisu","09/08/2020"
"Midnight Diner: Tokyo Stories: Temporada 1: Tonteki","09/08/2020"
"Jornada nas Estrelas: A nova geração: Temporada 7: Subalternos","05/08/2020"
"Midnight Diner: Tokyo Stories: Temporada 1: Presunto empanado","04/08/2020"
"Midnight Diner: Tokyo Stories: Temporada 1: Umeboshi e vinho de ameixa","04/08/2020"
"Midnight Diner: Tokyo Stories: Temporada 1: Tamago","26/07/2020"
"Midnight Diner: Tokyo Stories: Temporada 2: Asinhas de frango fritas","26/07/2020"
"Midnight Diner: Tokyo Stories: Temporada 2: Bolinhas de arroz","26/07/2020"
"Bebês em Foco: Parte 2: O que os bebês sabem","19/07/2020"
"Midnight Diner: Tokyo Stories: Temporada 2: Peito de frango frito com queijo","03/07/2020"
"Arremesso Final: Temporada 1: Episódio 9","28/06/2020"
"Coisa Mais Linda: Temporada 2: Só as Mulheres","28/06/2020"
"Coisa Mais Linda: Temporada 1: As sonhadoras","28/06/2020"
"Midnight Diner: Tokyo Stories: Temporada 1: Macarrão no Réveillon, de novo","27/06/2020"
"Midnight Diner: Tokyo Stories: Temporada 2: Kitsune udon","27/06/2020"
"Midnight Diner: Tokyo Stories: Temporada 2: Salmão e cogumelos","27/06/2020"
"Midnight Diner: Tokyo Stories: Temporada 2: Omelete enrolado doce","27/06/2020"
"Freud: Temporada 1: Histeria","15/06/2020"
"Arremesso Final: Temporada 1: Episódio 8","15/06/2020"
"Arremesso Final: Temporada 1: Episódio 7","15/06/2020"
"Sherlock: Temporada 3: A abominável noiva","15/06/2020"
"Midnight Diner: Tokyo Stories: Temporada 2: Macarrão com curry","15/06/2020"
"Indiana Jones e a Última Cruzada","14/06/2020"
"Arremesso Final: Temporada 1: Episódio 6","14/06/2020"
"Arremesso Final: Temporada 1: Episódio 5","13/06/2020"
"Arremesso Final: Temporada 1: Episódio 4","23/05/2020"
"Star Trek: Voyager: Temporada 5: Imagem latente","10/05/2020"
"Uma Segunda Chance: Temporada 1: A vida é cheia de surpresas","04/05/2020"
"Scott Pilgrim contra o mundo","04/05/2020"
"Arremesso Final: Temporada 1: Episódio 3","01/05/2020"
"Star Trek: Voyager: Temporada 6: Coletividade","25/04/2020"
"Star Trek: Voyager: Temporada 6: Os espíritos","25/04/2020"
"Arremesso Final: Temporada 1: Episódio 1","25/04/2020"
"Arremesso Final: Temporada 1: Episódio 2","25/04/2020"
"Jornada nas estrelas: Temporada 1: O equilíbrio do terror","18/04/2020"
"Jornada nas estrelas: Temporada 3: Síndrome do paraíso","18/04/2020"
"Jornada nas Estrelas: A nova geração: Temporada 2: O Valor de um Homem","17/02/2020"
"Jornada nas Estrelas: Deep Space Nine: Temporada 7: Inter Arma Enim Silent Leges","08/02/2020"
"Jornada nas Estrelas: Deep Space Nine: Temporada 6: Ele e ela","06/02/2020"
"Jornada nas Estrelas: Deep Space Nine: Temporada 6: A qualquer preço","06/02/2020"
"Jornada nas Estrelas: Deep Space Nine: Temporada 7: Sombras e símbolos","05/02/2020"
"Jornada nas Estrelas: Deep Space Nine: Temporada 7: Imagem na areia","05/02/2020"
"Jornada nas Estrelas: A nova geração: Temporada 3: Caçado","04/02/2020"
"Jornada nas Estrelas: A nova geração: Temporada 3: O Desertor","04/02/2020"
"Jornada nas Estrelas: A nova geração: Temporada 6: A Face do Inimigo","03/02/2020"
"Jornada nas Estrelas: A nova geração: Temporada 7: Fantasmas","02/02/2020"
"Jornada nas Estrelas: A nova geração: Temporada 7: O Golpe Parte II","02/02/2020"
"Jornada nas Estrelas: A nova geração: Temporada 7: O Golpe Parte I","02/02/2020"
"Jornada nas estrelas: Temporada 3: O incidente Enterprise","01/02/2020"
"Jornada nas Estrelas: A nova geração: Temporada 7: Paralelos","28/01/2020"
"Jornada nas Estrelas: A nova geração: Temporada 7: Herança","27/01/2020"
"Grandes Momentos da Segunda Guerra em Cores: Temporada 1: Guerra-relâmpago","27/01/2020"
"Jornada nas Estrelas: A nova geração: Temporada 3: Pecados Paternos","24/01/2020"
"Jornada nas Estrelas: A nova geração: Temporada 3: Descendência","24/01/2020"
"Jornada nas Estrelas: A nova geração: Temporada 4: O Diário de Data","22/01/2020"
"Jornada nas Estrelas: A nova geração: Temporada 2: A Herdeira","22/01/2020"
"Raça","22/01/2020"
"Jornada nas Estrelas: A nova geração: Temporada 7: Rumando para Casa","13/01/2020"
"Jornada nas Estrelas: A nova geração: Temporada 7: Pégasus","13/01/2020"
"Star Trek: Discovery: Temporada 2: Irmão","12/01/2020"
"Drácula: Temporada 1: As regras das trevas","07/01/2020"
"Drácula: Temporada 1: Sangue a bordo","07/01/2020"
"Midnight Diner: Tokyo Stories: Temporada 2: Siri e Toshikoshi soba","05/01/2020"
"Midnight Diner: Tokyo Stories: Temporada 2: Cachorro-quente de yakisoba","29/12/2019"
"Perdidos no Espaço: Temporada 2: Isolados","29/12/2019"
"O Irlandês","29/12/2019"
"O Código Bill Gates: Minissérie: Parte 2","28/12/2019"
"Cegos, Surdos e Loucos","25/12/2019"
"Dois Papas","22/12/2019"
"Midnight Diner: Tokyo Stories: Temporada 2: Arroz frito com frango","22/12/2019"
"The Crown: Temporada 3: Cri de coeur","20/12/2019"
"The Crown: Temporada 3: Imbróglio","14/12/2019"
"The Crown: Temporada 3: Na corda bamba","13/12/2019"
"The Crown: Temporada 3: Poeira lunar","08/12/2019"
"The Crown: Temporada 3: Tywysog Cymru","08/12/2019"
"The Crown: Temporada 3: Golpe","08/12/2019"
"The Crown: Temporada 3: Bubbikins","08/12/2019"
"The Crown: Temporada 3: Aberfan","07/12/2019"
"The Crown: Temporada 3: Margaretologia","03/12/2019"
"The Crown: Temporada 3: Olding","30/11/2019"
"Brinquedos que Marcam Época: Temporada 3: Tartarugas Ninja","25/11/2019"
"Minecraft: Story Mode: Temporada 1: A Ordem da Pedra","23/11/2019"
"Um Homem de Sorte","15/11/2019"
"Jornada nas Estrelas: A nova geração: Temporada 5: Alferes Ro","08/11/2019"
"Jornada nas Estrelas: A nova geração: Temporada 5: Darmok","08/11/2019"
"Star Trek: Voyager: Temporada 4: A dádiva","06/11/2019"
"Star Trek: Voyager: Temporada 4: Escorpião: Parte 2","06/11/2019"
"Star Trek: Voyager: Temporada 3: Escorpião: Parte 1","05/11/2019"
"Star Trek: Enterprise: Temporada 2: Primeiro voo","06/10/2019"
"Star Trek: Enterprise: Temporada 1: Broken Bow","06/10/2019"
"Stranger Things: Stranger Things 3: Capítulo oito: A batalha de Starcourt","24/08/2019"
"Stranger Things: Stranger Things 3: Capítulo sete: A mordida","22/08/2019"
"Jornada nas Estrelas: A nova geração: Temporada 6: A Queda, Parte I","21/08/2019"
"Stranger Things: Stranger Things 3: Capítulo seis: E pluribus unum","21/08/2019"
"Jornada nas Estrelas: A nova geração: Temporada 6: Demência","20/08/2019"
"Stranger Things: Stranger Things 3: Capítulo cinco: Os devorados","20/08/2019"
"Jornada nas Estrelas: A nova geração: Temporada 5: Eu, Borg","25/07/2019"
"Jornada nas Estrelas: A nova geração: Temporada 4: Família","23/07/2019"
"Jornada nas Estrelas: A nova geração: Temporada 4: O Melhor de Dois Mundos, Parte II","23/07/2019"
"Jornada nas Estrelas: A nova geração: Temporada 3: O Melhor de Dois Mundos, Parte I","22/07/2019"
"Stranger Things: Stranger Things 3: Capítulo dois: O caso dos ratos","22/07/2019"
"Jornada nas Estrelas: A nova geração: Temporada 7: Ligações","21/07/2019"
"Stranger Things: Stranger Things 3: Capítulo um: Está me ouvindo, Suzie?","15/07/2019"
"Star Trek: Voyager: Temporada 6: Virtuoso","14/07/2019"
"Star Trek: Voyager: Temporada 6: Num piscar de olhos","14/07/2019"
"Lemony Snicket: Desventuras em Série: Temporada 3: A Gruta Gorgônea: Volume 2","14/07/2019"
"Lemony Snicket: Desventuras em Série: Temporada 1: Mau Começo: Volume 1","14/07/2019"
"Aggretsuko: Temporada 2: Vida maravilhosa","14/07/2019"
"Aggretsuko: Temporada 2: Ela sonha","14/07/2019"
"Aggretsuko: Temporada 2: Ele mora acima das nuvens","14/07/2019"
"Aggretsuko: Temporada 2: Afeição cada vez maior","14/07/2019"
"Star Trek: Discovery: Temporada 1: Lete","11/07/2019"
"Star Trek: Discovery: Temporada 1: Escolha sua dor","11/07/2019"
"Aggretsuko: Temporada 2: Futuro desconhecido","10/07/2019"
"Aggretsuko: Temporada 2: Pela união","10/07/2019"
"Aggretsuko: Temporada 2: Impacto inevitável","10/07/2019"
"Aggretsuko: Temporada 2: Atraso duplo","09/07/2019"
"Aggretsuko: Temporada 2: O novo contratado Anai","09/07/2019"
"Aggretsuko: Temporada 2: Hora de crescer","08/07/2019"
"Aggretsuko: Temporada 1: Uma garota esforçada","08/07/2019"
"O Abismo Mágico: Temporada 1: Episódio 16","08/07/2019"
"O Abismo Mágico: Temporada 1: Episódio 15","07/07/2019"
"Turma da Mônica - CineGibi: Turma da Mônica CineGibi: CineGibi 1 - No Escurinho do Cinema","07/07/2019"
"Especiais temáticos da turma da Mônica: Turma da Mônica - As doze badaladas dos sinos de Natal","07/07/2019"
"Mônica Toy: Temporada 1: Episódio 1","07/07/2019"
"O Abismo Mágico: Temporada 1: Episódio 14","06/07/2019"
"O Abismo Mágico: Temporada 1: Episódio 13","05/07/2019"
"O Abismo Mágico: Temporada 1: Episódio 12","01/07/2019"
"O Abismo Mágico: Temporada 1: Episódio 11","30/06/2019"
"Jornada nas Estrelas: A nova geração: Temporada 4: Meia Vida","30/06/2019"
"Jornada nas Estrelas: A nova geração: Temporada 4: Inquisição","30/06/2019"
"7SEEDS: Parte 1: A primavera começa","30/06/2019"
"Mistério no Mediterrâneo","29/06/2019"
"O Abismo Mágico: Temporada 1: Episódio 10","29/06/2019"
"O Abismo Mágico: Temporada 1: Episódio 9","28/06/2019"
"Star Trek: Discovery: Temporada 1: A faca do açougueiro não ouve o berro do cordeiro","25/06/2019"
"Star Trek – A Série Animada: Temporada 1: Era uma vez um planeta","25/06/2019"
"Jornada nas Estrelas: A nova geração: Temporada 6: Direito de Nascença, Parte I","22/06/2019"
"Jornada nas Estrelas: A nova geração: Temporada 6: Trama","22/06/2019"
"Guerras do Brasil.doc: A revolução de 1930","17/06/2019"
"Guerras do Brasil.doc: As Guerras da Conquista","17/06/2019"
"Jornada nas estrelas: Temporada 3: Todos os nossos ontens","16/06/2019"
"Star Trek: Discovery: Temporada 1: Contexto é para reis","16/06/2019"
"O Abismo Mágico: Temporada 1: Episódio 8","12/06/2019"
"Star Trek: Discovery: Temporada 1: Batalha das Estrelas Binárias","11/06/2019"
"Star Trek: Discovery: Temporada 1: O olá vulcano","11/06/2019"
"O Abismo Mágico: Temporada 1: Episódio 7","09/06/2019"
"O Abismo Mágico: Temporada 1: Episódio 6","08/06/2019"
"O Abismo Mágico: Temporada 1: Episódio 5","06/06/2019"
"Black Mirror: Temporada 5: Striking Vipers","06/06/2019"
"O Abismo Mágico: Temporada 1: Episódio 4","04/06/2019"
"O Abismo Mágico: Temporada 1: Episódio 3","04/06/2019"
"O Abismo Mágico: Temporada 1: Episódio 2","02/06/2019"
"O Abismo Mágico: Temporada 1: Episódio 1","02/06/2019"
"A Garota que conquistou o tempo","19/05/2019"
"Os caça-fantasmas","19/05/2019"
"Jornada nas estrelas: Temporada 1: Corte marcial","04/05/2019"
"Jornada nas estrelas: Temporada 2: Um lobo entre os cordeiros","01/05/2019"
"Star Trek: Discovery: Temporada 2: Se não me falha a memória","01/05/2019"
"Star Trek: Discovery: Temporada 2: Doce tristeza - Parte 2","28/04/2019"
"Você Radical: Temporada 1: Operação resgate na selva - parte 1","28/04/2019"
"The Umbrella Academy: Temporada 1: A gente só se encontra em casamentos e funerais","28/04/2019"
"The Umbrella Academy: Temporada 1: O violino branco","27/04/2019"
"The Umbrella Academy: Temporada 1: Mudanças","26/04/2019"
"Star Trek: Discovery: Temporada 2: Doce tristeza - Parte 1","26/04/2019"
"Star Trek: Discovery: Temporada 2: Pelo Vale das Sombras","25/04/2019"
"Jornada nas estrelas: Temporada 1: O ardil carbomite","25/04/2019"
"The Umbrella Academy: Temporada 1: Ouvi um boato","25/04/2019"
"The Umbrella Academy: Temporada 1: O dia que aconteceu","24/04/2019"
"Star Trek: Enterprise: Temporada 2: Futuro do presente","23/04/2019"
"The Umbrella Academy: Temporada 1: O dia que não aconteceu","23/04/2019"
"The Umbrella Academy: Temporada 1: Número Cinco","20/04/2019"
"Jornada nas Estrelas: A nova geração: Temporada 5: Time's Arrow: Parte 1","20/04/2019"
"Star Trek: Enterprise: Temporada 2: Onda de choque - parte 2","20/04/2019"
"The Umbrella Academy: Temporada 1: Sentado na Lua","19/04/2019"
"Star Trek: Enterprise: Temporada 2: Carbon Creek","19/04/2019"
"Jornada nas Estrelas: A nova geração: Temporada 2: Elementar, Meu Caro Data","19/04/2019"
"The Umbrella Academy: Temporada 1: Comum (só que não)","18/04/2019"
"The Umbrella Academy: Temporada 1: Corre, cara, corre","17/04/2019"
"Jornada nas Estrelas: A nova geração: Temporada 2: Q Quem?","11/04/2019"
"Jornada nas Estrelas: A nova geração: Temporada 5: O Primeiro Dever","07/04/2019"
"Jornada nas estrelas: Temporada 1: A coleção - Parte 1","06/04/2019"
"Romance Is a Bonus Book: Temporada 1: Episódio 16","04/04/2019"
"Romance Is a Bonus Book: Temporada 1: Episódio 15","03/04/2019"
"Romance Is a Bonus Book: Temporada 1: Episódio 14","02/04/2019"
"Romance Is a Bonus Book: Temporada 1: Episódio 12","31/03/2019"
"Jornada nas Estrelas: Deep Space Nine: Temporada 4: O visitante","31/03/2019"
"Romance Is a Bonus Book: Temporada 1: Episódio 11","31/03/2019"
"Star Trek: Discovery: Temporada 2: Infinito perpétuo","30/03/2019"
"Romance Is a Bonus Book: Temporada 1: Episódio 10","29/03/2019"
"Romance Is a Bonus Book: Temporada 1: Episódio 9","28/03/2019"
"Romance Is a Bonus Book: Temporada 1: Episódio 8","27/03/2019"
"Romance Is a Bonus Book: Temporada 1: Episódio 7","26/03/2019"
"Romance Is a Bonus Book: Temporada 1: Episódio 6","25/03/2019"
"Romance Is a Bonus Book: Temporada 1: Episódio 5","24/03/2019"
"Romance Is a Bonus Book: Temporada 1: Episódio 4","23/03/2019"
"Star Trek: Discovery: Temporada 2: O anjo vermelho","23/03/2019"
"Romance Is a Bonus Book: Temporada 1: Episódio 3","21/03/2019"
"Romance Is a Bonus Book: Temporada 1: Episódio 2","20/03/2019"
"Romance Is a Bonus Book: Temporada 1: Episódio 1","19/03/2019"
"Star Trek: Discovery: Temporada 2: Projeto Dédalo","15/03/2019"
"Aggretsuko: Feliz Natal Metaleiro","12/03/2019"
"Jornada nas estrelas: Temporada 1: Piloto: A jaula","09/03/2019"
"Star Trek: Discovery: Temporada 2: Luz e sombras","03/03/2019"
"Star Trek: Discovery: Temporada 2: O som do trovão","02/03/2019"
"Jornada nas estrelas: Temporada 1: A coleção - Parte 2","01/03/2019"
"O Fotógrafo de Mauthausen","24/02/2019"
"Jornada nas Estrelas: Deep Space Nine: Temporada 4: Indiscrição","24/02/2019"
"Jornada nas Estrelas: Deep Space Nine: Temporada 4: Juramento de Hipócrates","24/02/2019"
"Black Mirror: Bandersnatch","23/02/2019"
"Star Trek: Discovery: Temporada 2: Santos da imperfeição","22/02/2019"
"Jornada nas Estrelas II - A Ira de Khan","21/02/2019"
"Star Trek: Sem Fronteiras","20/02/2019"
"Star Trek: Enterprise: Temporada 4: Divergência","17/02/2019"
"Star Trek: Enterprise: Temporada 4: Praga","16/02/2019"
"Jornada nas Estrelas: A nova geração: Temporada 5: Luz Interior","10/02/2019"
"Jornada nas Estrelas: A nova geração: Temporada 7: A Queda Parte II","09/02/2019"
"Star Trek: Discovery: Temporada 2: Uma moeda para Caronte","09/02/2019"
"Star Trek: Enterprise: Temporada 2: Campo minado","09/02/2019"
"Jornada nas Estrelas: A nova geração: Temporada 6: Segunda Chance","07/02/2019"
"Jornada nas Estrelas: A nova geração: Temporada 6: Legítimo Herdeiro","07/02/2019"
"Star Trek: Discovery: Temporada 2: Ponto de luz","07/02/2019"
"Star Trek: Discovery: Temporada 2: Novo Éden","07/02/2019"
"Star Trek: Discovery: Temporada 1: O lobo interior","31/01/2019"
"Star Trek: Discovery: Temporada 1: Ambição desmedida","31/01/2019"
"Jornada nas estrelas: Temporada 2: Uma guerra particular","24/01/2019"
"Jornada nas Estrelas: A nova geração: Temporada 3: O Preço","22/01/2019"
"Jornada nas Estrelas: Deep Space Nine: Temporada 6: Inquisição","16/01/2019"
"Star Trek: Discovery: Temporada 1: Segure a minha mão?","12/01/2019"
"Titãs: Temporada 1: Titãs","12/01/2019"
"Os 3 Lá Embaixo: Contos da Arcadia: Parte 1: Terra desconhecida - Parte 2","05/01/2019"
"Os 3 Lá Embaixo: Contos da Arcadia: Parte 1: Terra desconhecida - Parte 1","05/01/2019"
"Jornada nas estrelas: Temporada 2: Eu, Mudd","04/01/2019"
"Cavalo de Guerra","26/12/2018"
"Jornada nas Estrelas: A nova geração: Temporada 2: Correspondentes","16/12/2018"
"Silicon Cowboys","09/12/2018"
"Jornada nas estrelas: Primeiro contato","09/12/2018"
"Mogli - Entre Dois Mundos","09/12/2018"
"Steve Jobs: The Lost Interview","08/12/2018"
"Star Trek: Discovery: Temporada 1: A guerra por fora, a guerra por dentro","06/12/2018"
"Star Trek: Discovery: Temporada 1: O passado é um prólogo","05/12/2018"
"Star Trek: Discovery: Temporada 1: Apesar de você","04/12/2018"
"Jornada nas estrelas: Temporada 2: A caminho de Babel","02/12/2018"
"Hitler's Circle of Evil: Temporada 1: Colapso","02/12/2018"
"Hitler's Circle of Evil: Temporada 1: O começo do fim","01/12/2018"
"Hitler's Circle of Evil: Temporada 1: A ascensão dos bajuladores","01/12/2018"
"1983: Temporada 1: Envolvimento","01/12/2018"
"Hitler's Circle of Evil: Temporada 1: Ascensão e queda de Reinhard Heydrich","01/12/2018"
"Hitler's Circle of Evil: Temporada 1: A loucura de Rudolf Hess","01/12/2018"
"Hitler's Circle of Evil: Temporada 1: O grupo de Berghof","01/12/2018"
"Hitler's Circle of Evil: Temporada 1: O avanço do antissemitismo","01/12/2018"
"Hitler's Circle of Evil: Temporada 1: A queda de Röhm","28/11/2018"
"Hitler's Circle of Evil: Temporada 1: Reagrupando","23/11/2018"
"Hitler's Circle of Evil: Temporada 1: Heróis e desajustados","21/11/2018"
"Next Gen","21/11/2018"
"Batman Ninja","21/11/2018"
"Star Trek: Discovery: Temporada 1: Para a floresta eu vou","18/11/2018"
"Jornada nas Estrelas: A nova geração: Temporada 4: Futuro Imperfeito","17/11/2018"
"House of Cards: Temporada 6: Capítulo 73","15/11/2018"
"Corpo Fechado","15/11/2018"
"House of Cards: Temporada 6: Capítulo 72","11/11/2018"
"The Good Place: Temporada 1: Tudo está bem","10/11/2018"
"House of Cards: Temporada 6: Capítulo 71","10/11/2018"
"House of Cards: Temporada 6: Capítulo 70","10/11/2018"
"House of Cards: Temporada 6: Capítulo 69","09/11/2018"
"House of Cards: Temporada 6: Capítulo 68","09/11/2018"
"House of Cards: Temporada 6: Capítulo 67","06/11/2018"
"House of Cards: Temporada 6: Capítulo 66","04/11/2018"
"Conspiração e Poder","03/11/2018"
"Marte: Temporada 1: Com os pés no chão","29/09/2018"
"Marte: Temporada 1: Um novo lar","29/09/2018"
"Kiss Me First: Temporada 1: Alguma coisa ela fez","06/08/2018"
"Final Space: Temporada 1: Capítulo 1","06/08/2018"
"O Mecanismo: Temporada 1: Lava Jato","05/08/2018"
"O experimento de Milgram","05/08/2018"
"Perdidos no Espaço: Temporada 1: Perigo, Will Robinson!","22/07/2018"
"Perdidos no Espaço: Temporada 1: Ressurreição","22/07/2018"
"Perdidos no Espaço: Temporada 1: Trajetória","21/07/2018"
"Perdidos no Espaço: Temporada 1: Pressurizado","21/07/2018"
"Perdidos no Espaço: Temporada 1: Homenagem póstuma","16/07/2018"
"Perdidos no Espaço: Temporada 1: Transmissão","09/07/2018"
"Perdidos no Espaço: Temporada 1: Os Robinsons estiveram aqui","09/07/2018"
"Perdidos no Espaço: Temporada 1: Infestação","04/07/2018"
"Perdidos no Espaço: Temporada 1: Diamantes no céu","01/07/2018"
"Perdidos no Espaço: Temporada 1: Impacto","30/06/2018"
"A Casa de Pequenos Cubinhos","20/06/2018"
"Uma Mulher Espetacular: Temporada 1: Episódio 5","17/06/2018"
"Enfeitiçado","17/06/2018"
"Jornada nas estrelas: Temporada 3: O piscar de um olho","01/06/2018"
"Já não me sinto em casa nesse mundo","31/05/2018"
"Brinquedos que Marcam Época: Temporada 2: Jornada nas Estrelas","30/05/2018"
"Thi Mai","30/05/2018"
"A Segunda Guerra em Cores: World War II in Colour: Mediterrâneo e Norte da África","29/05/2018"
"Star Trek: Enterprise: Temporada 4: Estas são as viagens...","18/05/2018"
"Star Trek: Enterprise: Temporada 4: Terra Prime","17/05/2018"
"Star Trek: Enterprise: Temporada 4: Demônios","17/05/2018"
"A Segunda Guerra em Cores: World War II in Colour: Sol nascente desenfreado","13/05/2018"
"A Segunda Guerra em Cores: World War II in Colour: Hitler ataca o leste","13/05/2018"
"3%: Temporada 2: Capítulo 10: Sangue","12/05/2018"
"3%: Temporada 2: Capítulo 9: Colar","12/05/2018"
"3%: Temporada 2: Capítulo 08: Sapos","12/05/2018"
"A Segunda Guerra em Cores: World War II in Colour: Grã-Bretanha contida","12/05/2018"
"A Segunda Guerra em Cores: World War II in Colour: Guerra-relâmpago","12/05/2018"
"A Segunda Guerra em Cores: World War II in Colour: A tempestade se avizinha","12/05/2018"
"3%: Temporada 2: Capítulo 07: Névoa","11/05/2018"
"3%: Temporada 2: Capítulo 06: Garrafas","10/05/2018"
"3%: Temporada 2: Capítulo 05: Lampião","08/05/2018"
"American Experience: Tesla","06/05/2018"
"3%: Temporada 2: Capítulo 04: Guardanapo","06/05/2018"
"Aggretsuko: Temporada 1: Um dia na vida de Retsuko","06/05/2018"
"Aggretsuko: Temporada 1: O fim do sonho","05/05/2018"
"Aggretsuko: Temporada 1: Um mundo cor-de-rosa","05/05/2018"
"Aggretsuko: Temporada 1: O Príncipe Egoísta","05/05/2018"
"Aggretsuko: Temporada 1: Karaokê","05/05/2018"
"Aggretsuko: Temporada 1: Puxa-saco","05/05/2018"
"Aggretsuko: Temporada 1: Segredo revelado","05/05/2018"
"Aggretsuko: Temporada 1: Casamento","05/05/2018"
"Aggretsuko: Temporada 1: Parasita","05/05/2018"
"3%: Temporada 2: Capítulo 03: Estática","03/05/2018"
"3%: Temporada 2: Capítulo 02: Torradeira","02/05/2018"
"Mercury 13 - O Espaço Delas","28/04/2018"
"Jornada nas estrelas: Temporada 3: O mundo finito","28/04/2018"
"3%: Temporada 2: Capítulo 1: Espelho","28/04/2018"
"O Jogo da Imitação","28/04/2018"
"Jornada nas Estrelas: A nova geração: Temporada 7: Página Sombria","04/04/2018"
"O Mecanismo: Temporada 1: Juízo final","01/04/2018"
"O Mecanismo: Temporada 1: O último respiro","30/03/2018"
"O Mecanismo: Temporada 1: Eles sabiam de tudo","30/03/2018"
"O Mecanismo: Temporada 1: Olhos vermelhos","29/03/2018"
"O Mecanismo: Temporada 1: Fundo falso","28/03/2018"
"O Mecanismo: Temporada 1: Ventos frios vindos do sul","28/03/2018"
"O Mecanismo: Temporada 1: Halawi","27/03/2018"
"Jornada nas estrelas: Temporada 2: O computador supremo","26/03/2018"
"A Reconquista","24/03/2018"
"The Cloverfield Paradox","18/03/2018"
"Bright","10/03/2018"
"Ícaro","17/02/2018"
"After Trek: Temporada 1: Episódio 14","14/02/2018"
"Star Trek","14/02/2018"
"O próximo convidado dispensa apresentação com David Letterman: Temporada 1: Barack Obama","11/02/2018"
"After Trek: Temporada 1: Episódio 11","09/02/2018"
"Jornada nas Estrelas: A nova geração: Temporada 2: Uma Questão de Honra","08/02/2018"
"After Trek: Temporada 1: Episódio 13","08/02/2018"
"Jornada nas Estrelas: Deep Space Nine: Temporada 6: Ressurreição","04/02/2018"
"Jornada nas Estrelas: A nova geração: Temporada 2: O Audacioso Okona","04/02/2018"
"Jornada nas Estrelas: Deep Space Nine: Temporada 6: Os magníficos ferengis","03/02/2018"
"Jornada nas estrelas: Temporada 1: Semente do espaço","02/02/2018"
"After Trek: Temporada 1: Episódio 12","31/01/2018"
"Star Trek: Enterprise: Temporada 4: Reflexo sombrio - parte 2","25/01/2018"
"Jornada nas Estrelas: Deep Space Nine: Temporada 3: O outro lado do espelho","21/01/2018"
"Jornada nas Estrelas: Deep Space Nine: Temporada 5: Pingos às pencas","21/01/2018"
"Jornada nas estrelas: Temporada 2: O reflexo no espelho","21/01/2018"
"After Trek: Temporada 1: Episódio 10","18/01/2018"
"Peru: Tesouro Escondido","14/01/2018"
"Star Trek: Voyager: Temporada 4: Testemunha viva","14/01/2018"
"Luther: Temporada 1: Episódio 1","13/01/2018"
"Jornada nas Estrelas: Deep Space Nine: Temporada 2: Espelho, espelho meu","13/01/2018"
"Star Trek: Voyager: Temporada 1: Heróis e demônios","12/01/2018"
"After Trek: Temporada 1: Episódio 9","11/01/2018"
"Jornada nas Estrelas: A nova geração: Temporada 4: Reencontro","09/01/2018"
"Jornada nas estrelas: Temporada 3: A teia tholiana","07/01/2018"
"O Lugar Prometido em Nossa Juventude","06/01/2018"
"After Trek: Temporada 1: Episódio 1","05/01/2018"
"Jornada nas estrelas: Temporada 1: Deste lado do paraíso","05/01/2018"
"Jornada nas estrelas: Temporada 3: A marca de Gideon","05/01/2018"
"Jornada nas estrelas: Temporada 1: Missão de misericórdia","03/01/2018"
"O Nome da Rosa","02/01/2018"
"Black Mirror: Temporada 4: USS Callister","30/12/2017"
"LEGO Star Wars: The Yoda Chronicles: Temporada 1: Episódio 1","29/12/2017"
"Era uma vez: Temporada 2: Maldição quebrada","28/12/2017"
"Batendo Novamente: Temporada 1: Episódio 1","28/12/2017"
"Your Name","28/12/2017"
"Jornada nas Estrelas: A nova geração: Temporada 4: Contatos Imediatos","26/12/2017"
"The Crown: Temporada 2: Homem misterioso","22/12/2017"
"Cosmos: Uma Odisseia do Espaço-Tempo: Temporada 1: Episódio 3","22/12/2017"
"Cosmos: Uma Odisseia do Espaço-Tempo: Temporada 1: Episódio 2","20/12/2017"
"Jornada nas Estrelas: A nova geração: Temporada 3: Elo Perdido","20/12/2017"
"The Crown: Temporada 2: Paterfamilias","19/12/2017"
"The Crown: Temporada 2: Cara Sra. Kennedy","18/12/2017"
"Star Trek: Discovery: Temporada 1: Se queres a paz, prepara-te para a Guerra","18/12/2017"
"Star Trek: Discovery: Temporada 1: Magia para fazer o homem mais são ficar louco","17/12/2017"
"The Crown: Temporada 2: Matrimonium","16/12/2017"
"Star Trek: Enterprise: Temporada 4: Reflexo sombrio - parte 1","16/12/2017"
"The Crown: Temporada 2: Vergangenheit","16/12/2017"
"Star Trek: Enterprise: Temporada 4: Amarrados","16/12/2017"
"The Crown: Temporada 2: Marionetes","16/12/2017"
"The Crown: Temporada 2: Beryl","10/12/2017"
"The Crown: Temporada 2: Lisboa","10/12/2017"
"The Crown: Temporada 2: Uma companhia masculina","09/12/2017"
"The Crown: Temporada 2: Desventura","09/12/2017"
"Marvel - O Justiceiro: Temporada 1: Três da madrugada","07/12/2017"
"Star Trek: Enterprise: Temporada 4: Babel 1","05/12/2017"
"Armadilhas do Amor","05/12/2017"
"Star Trek – A Série Animada: Temporada 2: Paralelos","05/12/2017"
"Star Trek: Enterprise: Temporada 4: Daedelus","26/11/2017"
"Jornada nas Estrelas: Deep Space Nine: Temporada 4: O caminho do guerreiro","21/11/2017"
"Star Trek: Voyager: Temporada 7: Profecia","19/11/2017"
"Jornada nas estrelas: Temporada 1: Miri","19/11/2017"
"Jornada nas estrelas: Temporada 1: Onde nenhum homem jamais esteve","18/11/2017"
"After Trek: Temporada 1: Episódio 8","15/11/2017"
"After Trek: Temporada 1: Episódio 3","14/11/2017"
"Jornada nas Estrelas: A nova geração: Temporada 1: Onde Ninguém Jamais Esteve","14/11/2017"
"After Trek: Temporada 1: Episódio 7","12/11/2017"
"Jornada nas Estrelas: A nova geração: Temporada 4: Irmãos","09/11/2017"
"Jornada nas Estrelas: A nova geração: Temporada 3: Sarek","09/11/2017"
"After Trek: Temporada 1: Episódio 2","09/11/2017"
"Star Trek: Voyager: Temporada 4: O jogo da morte: Parte 1","09/11/2017"
"Star Trek: Voyager: Temporada 2: Simulacros","09/11/2017"
"The Captains","05/11/2017"
"Jornada nas estrelas: Temporada 2: Tempo de loucura","04/11/2017"
"Star Trek: Enterprise: Temporada 4: Kir'Shara","04/11/2017"
"Star Trek: Enterprise: Temporada 4: O despertar","04/11/2017"
"After Trek: Temporada 1: Episódio 6","03/11/2017"
"Chaos on the Bridge","03/11/2017"
"Nossas Noites","02/11/2017"
"Jornada nas Estrelas: Deep Space Nine: Temporada 2: Juramento de sangue","02/11/2017"
"Jornada nas Estrelas: Deep Space Nine: Temporada 4: Fogo cruzado","02/11/2017"
"Jornada nas estrelas: Temporada 2: Problemas aos pingos","31/10/2017"
"Star Trek: Enterprise: Temporada 4: No deserto de Vulcano","29/10/2017"
"Jornada nas estrelas: Temporada 1: O punhal imaginário","29/10/2017"
"Star Trek: Enterprise: Temporada 4: Os aumentados","29/10/2017"
"Star Trek: Enterprise: Temporada 4: Estação Polar 12","28/10/2017"
"After Trek: Temporada 1: Episódio 5","28/10/2017"
"Star Trek: Enterprise: Temporada 4: Fronteira","22/10/2017"
"Star Trek: Enterprise: Temporada 4: Lar","22/10/2017"
"After Trek: Temporada 1: Episódio 4","21/10/2017"
"Jornada nas estrelas: Temporada 1: As mulheres de Mudd","21/10/2017"
"Jornada nas estrelas: Temporada 1: O demônio da escuridão","18/10/2017"
"Star Trek: Enterprise: Temporada 4: Os aenars","16/10/2017"
"Star Trek: Enterprise: Temporada 2: Julgamento","15/10/2017"
"Star Trek: Enterprise: Temporada 2: Cessar-fogo","24/09/2017"
"Star Trek: Enterprise: Temporada 2: Estigma","24/09/2017"
"Jornada nas Estrelas: A nova geração: Temporada 6: A Busca","23/09/2017"
"Jornada nas Estrelas: A nova geração: Temporada 6: Lições","17/09/2017"
"Jornada nas Estrelas: A nova geração: Temporada 7: Conhece-te a Ti Mesmo","03/09/2017"
"Star Trek: Enterprise: Temporada 2: Amanhecer","03/09/2017"
"House of Cards: Temporada 5: Capítulo 65","03/09/2017"
"Cosmos: Uma Odisseia do Espaço-Tempo: Temporada 1: Episódio 7","30/08/2017"
"House of Cards: Temporada 5: Capítulo 64","27/08/2017"
"House of Cards: Temporada 5: Capítulo 63","27/08/2017"
"Cosmos: Uma Odisseia do Espaço-Tempo: Temporada 1: Episódio 10","20/08/2017"
"House of Cards: Temporada 5: Capítulo 62","19/08/2017"
"House of Cards: Temporada 5: Capítulo 61","19/08/2017"
"Star Trek: Enterprise: Temporada 2: A passarela","30/07/2017"
"House of Cards: Temporada 5: Capítulo 60","30/07/2017"
"House of Cards: Temporada 5: Capítulo 59","23/07/2017"
"Star Trek: Enterprise: Temporada 2: Carga preciosa","23/07/2017"
"House of Cards: Temporada 5: Capítulo 58","23/07/2017"
"House of Cards: Temporada 5: Capítulo 57","23/07/2017"
"House of Cards: Temporada 5: Capítulo 56","30/06/2017"
"House of Cards: Temporada 5: Capítulo 55","25/06/2017"
"House of Cards: Temporada 5: Capítulo 54","23/06/2017"
"House of Cards: Temporada 5: Capítulo 53","13/06/2017"
"Star Trek: Enterprise: Temporada 2: Ponto de fuga","26/05/2017"
"Star Trek: Enterprise: Temporada 2: Singularidade","19/05/2017"
"Star Trek: Enterprise: Temporada 2: O comunicador","07/05/2017"
"Star Trek: Enterprise: Temporada 2: O sétimo","15/04/2017"
"Star Trek: Enterprise: Temporada 2: Saqueadores","15/04/2017"
"Star Trek: Enterprise: Temporada 2: Uma noite na enfermaria","14/04/2017"
"Star Trek: Enterprise: Temporada 2: Ponto morto","14/04/2017"
"Jornada nas Estrelas: Deep Space Nine: Temporada 4: Paraíso perdido","09/04/2017"
"O Sol é para Todos","09/04/2017"
"Sherlock: Temporada 3: O sinal dos três","08/04/2017"
"Um Conto De Natal","01/04/2017"
"Como não Esquecer essa Garota","26/03/2017"
"Monty Python - O Sentido da Vida","25/03/2017"
"Star Trek: Enterprise: Temporada 1: Travessia no deserto","24/03/2017"
"Star Trek: Enterprise: Temporada 1: Herói em decadência","22/03/2017"
"Star Trek: Enterprise: Temporada 1: Vox Sola","19/03/2017"
"Star Trek: Enterprise: Temporada 1: Detidos","19/03/2017"
"Star Trek: Enterprise: Temporada 1: Oásis","18/03/2017"
"Star Trek: Enterprise: Temporada 1: Aquisição","12/03/2017"
"Star Trek: Enterprise: Temporada 1: Planeta errante","12/03/2017"
"O homem que viu o infinito","12/03/2017"
"Star Trek: Enterprise: Temporada 1: Fusão","08/03/2017"
"Star Trek: Enterprise: Temporada 1: Cápsula Auxiliar I","08/03/2017"
"Sherlock: Temporada 2: Um escândalo em Belgrávia","04/03/2017"
"The Crown: Temporada 1: Gloriana","03/03/2017"
"The Crown: Temporada 1: Assassinos","02/03/2017"
"The Crown: Temporada 1: Orgulho e Alegria","01/03/2017"
"The Crown: Temporada 1: Saber é Poder","25/02/2017"
"Star Trek: Enterprise: Temporada 1: Cães adormecidos","20/02/2017"
"The Crown: Temporada 1: Explosivo","19/02/2017"
"The Royals: Temporada 1: Casamentos da Realeza","19/02/2017"
"The Crown: Temporada 1: Ilusões","19/02/2017"
"The Crown: Temporada 1: Ato Divino","18/02/2017"
"The Crown: Temporada 1: Windsor","18/02/2017"
"THX 1138","12/02/2017"
"The Crown: Temporada 1: Hyde Park Corner","12/02/2017"
"A Máquina do Tempo","11/02/2017"
"The Crown: Temporada 1: Wolferton Splash","11/02/2017"
"Uma Mulher Espetacular: Temporada 1: Episódio 4","10/02/2017"
"Uma Mulher Espetacular: Temporada 1: Episódio 3","10/02/2017"
"Star Trek: Enterprise: Temporada 1: Caro Doutor","07/02/2017"
"Uma Mulher Espetacular: Temporada 1: Episódio 2","28/01/2017"
"Star Trek: Enterprise: Temporada 1: Inimigo silencioso","28/01/2017"
"Olga","28/01/2017"
"Jornada nas Estrelas: A nova geração: Temporada 3: Ménage à Troi","28/01/2017"
"Star Trek: Enterprise: Temporada 1: Frente fria","23/01/2017"
"Star Trek: Enterprise: Temporada 1: Mercadores do espaço","23/01/2017"
"Uma Mulher Espetacular: Temporada 1: Episódio 1","22/01/2017"
"Good Morning Call: Temporada 1: Enfim a sós","22/01/2017"
"Codegirl","22/01/2017"
"Star Trek: Enterprise: Temporada 1: Civilização","19/01/2017"
"Star Trek: Enterprise: Temporada 1: Quebrando o gelo","18/01/2017"
"Star Trek: Enterprise: Temporada 1: O incidente andoriano","15/01/2017"
"Star Trek: Enterprise: Temporada 1: Terra Nova","15/01/2017"
"Star Trek: Enterprise: Temporada 1: Inesperado","11/01/2017"
"Star Trek: Enterprise: Temporada 1: Explorar novos mundos","11/01/2017"
"Star Trek: Enterprise: Temporada 1: Luta ou fuga","11/01/2017"
"Contos Do Edgar: Season 1: Episódio 3","10/01/2017"
"Jornada nas Estrelas: A nova geração: Temporada 4: Pistas","08/01/2017"
"Jornada nas Estrelas: A nova geração: Temporada 1: Solidão","07/01/2017"
"Jornada nas Estrelas: Deep Space Nine: Temporada 5: Uma simples investigação","06/01/2017"
"Star Trek: Voyager: Temporada 2: Inocência","30/12/2016"
"Star Trek – A Série Animada: Temporada 1: Além da estrela mais distante","23/12/2016"
"3%: Temporada 1: Capítulo 08: Botão","17/12/2016"
"3%: Temporada 1: Capítulo 07: Cápsula","09/12/2016"
"Buffy the Vampire Slayer: Temporada 6: Episódio 4","08/12/2016"
"Buffy the Vampire Slayer: Temporada 6: Episódio 5","08/12/2016"
"3%: Temporada 1: Capítulo 06: Vidro","07/12/2016"
"3%: Temporada 1: Capítulo 05: Água","04/12/2016"
"3%: Temporada 1: Capítulo 04: Portão","03/12/2016"
"Jornada nas estrelas: Temporada 2: O sucessor","03/12/2016"
"Jornada nas estrelas: Temporada 1: Operação: Aniquilar!","03/12/2016"
"3%: Temporada 1: Capítulo 03: Corredor","02/12/2016"
"Jornada nas Estrelas: Deep Space Nine: Temporada 5: Aquele que não tiver pecados...","30/11/2016"
"Jornada nas Estrelas: Deep Space Nine: Temporada 5: Nem dos fortes a peleja","30/11/2016"
"Jornada nas Estrelas: Deep Space Nine: Temporada 5: Procurando Par'Mach nos lugares errados","30/11/2016"
"Jornada nas Estrelas: Deep Space Nine: Temporada 5: À beira do Apocalipse","30/11/2016"
"3%: Temporada 1: Capítulo 02: Moedas","27/11/2016"
"3%: Temporada 1: Capítulo 01: Cubos","27/11/2016"
"Jornada nas Estrelas: Deep Space Nine: Temporada 4: Elo partido","26/11/2016"
"Jornada nas Estrelas: Deep Space Nine: Temporada 4: Quebra de contrato","26/11/2016"
"Jornada nas Estrelas: Deep Space Nine: Temporada 4: Nave em perigo","26/11/2016"
"Stranger Things: Capítulo oito: De ponta-cabeça","25/11/2016"
"Stranger Things: Capítulo sete: A banheira","22/11/2016"
"Jornada nas Estrelas: Deep Space Nine: Temporada 2: O cerco","20/11/2016"
"Jornada nas Estrelas: Deep Space Nine: Temporada 2: O Círculo","20/11/2016"
"Jornada nas Estrelas: Deep Space Nine: Temporada 2: A volta para casa","20/11/2016"
"The Expanse: Temporada 1: Dulcineia","20/11/2016"
"Jornada nas Estrelas: Deep Space Nine: Temporada 2: O colaborador","18/11/2016"
"Jornada nas Estrelas: Deep Space Nine: Temporada 2: Verdades e mentiras","18/11/2016"
"Jornada nas Estrelas: Deep Space Nine: Temporada 3: A casa de Quark","17/11/2016"
"Jornada nas Estrelas: Deep Space Nine: Temporada 4: Regras de combate","17/11/2016"
"Jornada nas Estrelas: Deep Space Nine: Temporada 4: O sindicato","17/11/2016"
"Jornada nas Estrelas: Deep Space Nine: Temporada 3: A sorte está lançada","17/11/2016"
"Jornada nas Estrelas: Deep Space Nine: Temporada 3: Causa improvável","17/11/2016"
"Jornada nas Estrelas: Deep Space Nine: Temporada 2: Regras de aquisição","17/11/2016"
"Stranger Things: Capítulo seis: O monstro","15/11/2016"
"Jornada nas Estrelas: Deep Space Nine: Temporada 5: Canções ferengi de amor","15/11/2016"
"Jornada nas Estrelas: Deep Space Nine: Temporada 4: Paraíso ameaçado","15/11/2016"
"Jornada nas Estrelas: Deep Space Nine: Temporada 4: Homenzinhos verdes","15/11/2016"
"Jornada nas Estrelas: Deep Space Nine: Temporada 4: Bashir, Julian Bashir","15/11/2016"
"Buffy the Vampire Slayer: Temporada 5: Episódio 15","12/11/2016"
"Buffy the Vampire Slayer: Temporada 1: Episódio 1","12/11/2016"
"Stranger Things: Capítulo cinco: A pulga e o acrobata","12/11/2016"
"Stranger Things: Capítulo quatro: O corpo","06/11/2016"
"Stranger Things: Capítulo três: Caramba","06/11/2016"
"Stranger Things: Capítulo dois: A estranha da Maple Street","05/11/2016"
"Indiana Jones e o Reino da Caveira de Cristal","28/10/2016"
"Stranger Things: Capítulo um: O desaparecimento de Will Byers","23/10/2016"
"Tintin: The Calculus Affair","23/10/2016"
"As Aventuras de Tintim: Os Prisioneiros do Sol","23/10/2016"
"Indiana Jones e o Templo da Perdição","13/10/2016"
"Os Caçadores da Arca Perdida","08/10/2016"
"Cosmos: Uma Odisseia do Espaço-Tempo: Temporada 1: Episódio 5","06/10/2016"
"Cosmos: Uma Odisseia do Espaço-Tempo: Temporada 1: Episódio 6","06/10/2016"
"Tom Segura: Mostly Stories","06/10/2016"
"Scoop","04/10/2016"
"House of Cards: Temporada 4: Capítulo 52","04/09/2016"
"Paratodos","04/09/2016"
"House of Cards: Temporada 4: Capítulo 51","03/09/2016"
"Jornada nas estrelas: Nêmesis","28/08/2016"
"House of Cards: Temporada 4: Capítulo 50","30/07/2016"
"House of Cards: Temporada 4: Capítulo 49","21/07/2016"
"House of Cards: Temporada 4: Capítulo 48","20/07/2016"
"Os Caça-Fantasmas 2","17/07/2016"
"House of Cards: Temporada 4: Capítulo 47","16/07/2016"
"House of Cards: Temporada 4: Capítulo 46","15/07/2016"
"House of Cards: Temporada 4: Capítulo 45","12/07/2016"
"House of Cards: Temporada 4: Capítulo 44","10/07/2016"
"House of Cards: Temporada 4: Capítulo 43","07/07/2016"
"Rede de intrigas","28/06/2016"
"Vozes de uma Estrela Distante","27/06/2016"
"O Jardim das Palavras","27/06/2016"
"O Homem Que Matou o Facínora","26/06/2016"
"Janela indiscreta","26/06/2016"
"Sete Anos no Tibet","25/06/2016"
"The Adventures of Tintin: Temporada 2: Episódio 7","24/06/2016"
"The Adventures of Tintin: Temporada 2: Episódio 6","24/06/2016"
"House of Cards: Temporada 4: Capítulo 42","22/06/2016"
"House of Cards: Temporada 4: Capítulo 41","21/06/2016"
"House of Cards: Temporada 4: Capítulo 40","20/06/2016"
"House of Cards: Temporada 3: Capítulo 39","19/06/2016"
"Lareira em 4K: Lareira crepitante, versão clássica","18/06/2016"
"House of Cards: Temporada 3: Capítulo 38","17/06/2016"
"House of Cards: Temporada 3: Capítulo 37","17/06/2016"
"House of Cards: Temporada 3: Capítulo 36","16/06/2016"
"House of Cards: Temporada 3: Capítulo 35","15/06/2016"
"House of Cards: Temporada 3: Capítulo 34","14/06/2016"
"House of Cards: Temporada 3: Capítulo 33","12/06/2016"
"House of Cards: Temporada 3: Capítulo 32","11/06/2016"
"House of Cards: Temporada 3: Capítulo 31","11/06/2016"
"O Congreso Futurista","09/06/2016"
"Chef's Table: Volume 2: Alex Atala","09/06/2016"
"Esquadrão Bizarro: Temporada 1: Efeito zero / Ursos azarados","09/06/2016"
"House of Cards: Temporada 3: Capítulo 30","07/06/2016"
"House of Cards: Temporada 3: Capítulo 29","06/06/2016"
"House of Cards: Temporada 3: Capítulo 28","05/06/2016"
"House of Cards: Temporada 3: Capítulo 27","04/06/2016"
"House of Cards: Temporada 2: Capítulo 26","04/06/2016"
"House of Cards: Temporada 2: Capítulo 25","02/06/2016"
"House of Cards: Temporada 2: Capítulo 24","01/06/2016"
"House of Cards: Temporada 2: Capítulo 23","31/05/2016"
"House of Cards: Temporada 2: Capítulo 22","30/05/2016"
"House of Cards: Temporada 2: Capítulo 21","29/05/2016"
"House of Cards: Temporada 2: Capítulo 20","29/05/2016"
"House of Cards: Temporada 2: Capítulo 19","28/05/2016"
"House of Cards: Temporada 2: Capítulo 18","28/05/2016"
"House of Cards: Temporada 2: Capítulo 17","28/05/2016"
"Cauby - Começaria Tudo Outra Vez","28/05/2016"
"A Mulher Faz o Homem","27/05/2016"
"House of Cards: Temporada 2: Capítulo 16","26/05/2016"
"House of Cards: Temporada 2: Capítulo 15","25/05/2016"
"House of Cards: Temporada 2: Capítulo 14","25/05/2016"
"House of Cards: Temporada 1: Capítulo 13","24/05/2016"
"House of Cards: Temporada 1: Capítulo 12","22/05/2016"
"House of Cards: Temporada 1: Capítulo 11","21/05/2016"
"House of Cards: Temporada 1: Capítulo 10","21/05/2016"
"House of Cards: Temporada 1: Capítulo 9","21/05/2016"
"House of Cards: Temporada 1: Capítulo 8","19/05/2016"
"House of Cards: Temporada 1: Capítulo 7","19/05/2016"
"House of Cards: Temporada 1: Capítulo 6","18/05/2016"
"House of Cards: Temporada 1: Capítulo 5","17/05/2016"
"House of Cards: Temporada 1: Capítulo 4","15/05/2016"
"House of Cards: Temporada 1: Capítulo 3","15/05/2016"
"House of Cards: Temporada 1: Capítulo 2","15/05/2016"
"House of Cards: Temporada 1: Capítulo 1","15/05/2016"
"Penny Dreadful: Temporada 1: Episódio 1","15/05/2016"
"Clube de compras Dallas","01/05/2016"
"O Escorpião de Jade","19/03/2016"
"Chatô, O Rei do Brasil","21/02/2016"
"Os 7 suspeitos","14/02/2016"
"Politicamente Incorreto - A Série: Temporada 1: Episódio 1","14/02/2016"
"Little Witch Academia: The Enchanted Parade","14/02/2016"
"The Bletchley Circle: Temporada 1: Decifrando o código de um assassino - parte 1","14/02/2016"
"A Dama Dourada","30/01/2016"
"Little Witch Academia","29/01/2016"
"O mordomo da Casa Branca","09/01/2016"
"S.O.S. tem um louco solto no espaço","15/12/2015"
"Testemunha de Acusação","06/12/2015"
"The Adventures of Tintin: Temporada 2: Episódio 12","05/12/2015"
"The Adventures of Tintin: Temporada 2: Episódio 11","05/12/2015"
"The Adventures of Tintin: Temporada 2: Episódio 10","05/12/2015"
"The Adventures of Tintin: Temporada 2: Episódio 9","04/12/2015"
"Star Wars – Uma Nova Esperança","04/12/2015"
"The Adventures of Tintin: Temporada 2: Episódio 8","26/11/2015"
"De volta para o futuro III","24/10/2015"
"Back in Time","24/10/2015"
"Sobral - O Homem que Não Tinha Preço","18/10/2015"
"Três Homens em Conflito","18/10/2015"
"Narcos: Temporada 1: A espada de Simón Bolívar","14/10/2015"
"Cosmos: Uma Odisseia do Espaço-Tempo: Temporada 1: Episódio 1","11/10/2015"
"Tempo de despertar","11/10/2015"
"Dr. Fantástico","06/10/2015"
"A incrível história de Adaline","19/09/2015"
"O artista","12/09/2015"
"Cosmos: Uma Odisseia do Espaço-Tempo: Temporada 1: Episódio 13","07/09/2015"
"Cosmos: Uma Odisseia do Espaço-Tempo: Temporada 1: Episódio 12","07/09/2015"
"Paris-Manhattan","03/09/2015"
"Narcos: Temporada 1: A chegada","30/08/2015"
"Gotham: Temporada 1: Piloto","28/08/2015"
"Mudbloods","27/08/2015"
"A Vingança da Pantera Cor-de-Rosa","19/08/2015"
"Um Tiro no Escuro","19/08/2015"
"O Jovem Frankenstein","30/07/2015"
"Cosmos: Uma Odisseia do Espaço-Tempo: Temporada 1: Episódio 11","29/07/2015"
"Meu Malvado Favorito 2","25/07/2015"
"Malícia","05/07/2015"
"Hoop Dreams","01/07/2015"
"O Reino dos Gatos","24/06/2015"
"TEDTalks: Maquinações robóticas: Maquinações Robóticas: Episódio 12","24/06/2015"
"TEDTalks: Maquinações robóticas: Maquinações Robóticas: Episódio 17","24/06/2015"
"TEDTalks: Invenção radical: Invenção Radical: Episódio 12","13/06/2015"
"Cosmos: Uma Odisseia do Espaço-Tempo: Temporada 1: Episódio 9","07/06/2015"
"Miss Fisher's Murder Mysteries: Temporada 1: Cocaína","07/06/2015"
"The Haunting Hour: The Haunting Hour: Temporada 1: Episódio 1","06/06/2015"
"Cosmos: Uma Odisseia do Espaço-Tempo: Temporada 1: Episódio 8","06/06/2015"
"Criação","30/05/2015"
"Moving Art: Temporada 1: Flores","21/05/2015"
"Where Is Flight MH370?","17/05/2015"
"Orphan Black: Temporada 1: Seleção natural","17/05/2015"
"Cosmos: Uma Odisseia do Espaço-Tempo: Temporada 1: Episódio 4","14/05/2015"
"WALL-E","06/05/2015"
"Bombón: El Perro","05/05/2015"
"Particle Fever","05/05/2015"
"Dilbert: Temporada 2: Episódio 13","05/05/2015"
"Downton Abbey: Temporada 3: Episódio 9","03/05/2015"
"Downton Abbey: Temporada 3: Episódio 8","27/04/2015"
"TED Talks: Mastigue isso: Mastigue isso: Episódio 1","26/04/2015"
"Downton Abbey: Temporada 3: Episódio 7","26/04/2015"
"Downton Abbey: Temporada 3: Episódio 6","24/04/2015"
"Downton Abbey: Temporada 3: Episódio 5","15/04/2015"
"Downton Abbey: Temporada 3: Episódio 4","14/04/2015"
"Downton Abbey: Temporada 3: Episódio 3","13/04/2015"
"Space Jam - O Jogo do Século","12/04/2015"
"Downton Abbey: Temporada 3: Episódio 2","12/04/2015"
"Downton Abbey: Temporada 3: Episódio 1","10/04/2015"
"Dilbert: Temporada 2: Episódio 9","09/04/2015"
"Dilbert: Temporada 1: Episódio 8","09/04/2015"
"Downton Abbey: Temporada 2: Episódio 9","08/04/2015"
"Downton Abbey: Temporada 2: Episódio 8","07/04/2015"
"Downton Abbey: Temporada 2: Episódio 7","05/04/2015"
"O poderoso chefão","05/04/2015"
"Downton Abbey: Temporada 2: Episódio 6","04/04/2015"
"Downton Abbey: Temporada 2: Episódio 5","03/04/2015"
"Arquivo X: Temporada 5: Episódio 3","03/04/2015"
"Arquivo X: Temporada 3: Episódio 12","03/04/2015"
"Downton Abbey: Temporada 2: Episódio 4","02/04/2015"
"Downton Abbey: Temporada 2: Episódio 3","01/04/2015"
"Dilbert: Temporada 1: Episódio 9","01/04/2015"
"Dilbert: Temporada 1: Episódio 7","01/04/2015"
"Dilbert: Temporada 1: Episódio 6","01/04/2015"
"Downton Abbey: Temporada 2: Episódio 2","30/03/2015"
"Downton Abbey: Temporada 2: Episódio 1","29/03/2015"
"Downton Abbey: Temporada 1: Episódio 7","29/03/2015"
"Downton Abbey: Temporada 1: Episódio 6","29/03/2015"
"Downton Abbey: Temporada 1: Episódio 5","28/03/2015"
"Downton Abbey: Temporada 1: Episódio 4","28/03/2015"
"Downton Abbey: Temporada 1: Episódio 3","26/03/2015"
"Downton Abbey: Temporada 1: Episódio 2","24/03/2015"
"Downton Abbey: Temporada 1: Episódio 1","19/03/2015"
"Era uma vez: Temporada 1: Uma terra sem magia","17/03/2015"
"Era uma vez: Temporada 1: Uma maçã vermelha como sangue","08/03/2015"
"Contos Do Edgar: Season 1: Episódio 2","06/03/2015"
"Era uma vez: Temporada 1: O estranho","04/03/2015"
"Contos Do Edgar: Season 1: Episódio 1","03/03/2015"
"Equilibrium","03/03/2015"
"1984.0","17/02/2015"
"Era uma vez: Temporada 1: O retorno","17/02/2015"
"O Segredo dos Seus Olhos","16/02/2015"
"Era uma vez: Temporada 1: O homem do estábulo","16/02/2015"
"Era uma vez: Temporada 1: O chapéu mágico","16/02/2015"
"A boa mentira","15/02/2015"
"A Escolha de Sofia","15/02/2015"
"Era uma vez: Temporada 1: O coração das trevas","15/02/2015"
"Knights of Sidonia: Temporada 1: O começo","14/02/2015"
"O enigma da pirâmide","14/02/2015"
"Era uma vez: Temporada 1: A capa vermelha","14/02/2015"
"Era uma vez: Temporada 1: Sonhador","10/02/2015"
"Era uma vez: Temporada 1: O que aconteceu com Frederick","08/02/2015"
"De Volta para o Futuro II","08/02/2015"
"Era uma vez: Temporada 1: Beleza externa","07/02/2015"
"Era uma vez: Temporada 1: O fruto da árvore venenosa","07/02/2015"
"Garota Interrompida","05/02/2015"
"Era uma vez: Temporada 1: O café da manhã","04/02/2015"
"Arquivo X: Temporada 1: Episódio 3","04/02/2015"
"Era uma vez: Temporada 1: O verdadeiro norte","03/02/2015"
"Psicose","02/02/2015"
"Era uma vez: Temporada 1: Almas desesperadas","01/02/2015"
"Secret Window","30/01/2015"
"Era uma vez: Temporada 1: Coração é um caçador solitário","28/01/2015"
"Era uma vez: Temporada 1: O pastor","25/01/2015"
"Era uma vez: Temporada 1: A voz interior","17/01/2015"
"Era uma vez: Temporada 1: O preço da magia","16/01/2015"
"Era uma vez: Temporada 1: Neve e paixão","14/01/2015"
"Era uma vez: Temporada 1: Aquilo que você mais ama","14/01/2015"
"Barbie Life in the Dreamhouse: Temporada 1: Presa no armário","11/01/2015"
"Como treinar o seu dragão","10/01/2015"
"Era uma vez: Temporada 1: Piloto","13/12/2014"
"O menino do pijama listrado","12/12/2014"
"Meu Malvado Favorito","29/11/2014"
"O Livro de Eli","17/11/2013"
"The Way Steve Jobs Has Changed the World","17/11/2013"
"Azumi","17/08/2013"
"Lolita","17/08/2013"
"Numb3rs: Temporada 1: Episódio 1","09/08/2013"
"Jornada nas Estrelas: A nova geração: Temporada 3: Laços de Família","04/08/2013"
"Jornada nas Estrelas: A nova geração: Temporada 3: Quem Observa os Observadores?","03/08/2013"
"O planeta dos macacos","13/07/2013"
"Além da imaginação (Série original): Temporada 3: Episódio 10","13/07/2013"
"Além da imaginação (Série original): Temporada 1: Episódio 3","13/07/2013"
"Duna","08/07/2013"
"Para Roma, com amor","08/07/2013"
"Os miseráveis","06/07/2013"
"Além da imaginação (Série original): Temporada 1: Episódio 2","06/07/2013"
"Além da imaginação (Série original): Temporada 1: Episódio 1","05/07/2013"
"Jogos Vorazes","04/07/2013"
"Arquivo X: Temporada 1: Episódio 1","04/07/2013"
